{
    "Afghanistan": "AF",
    "AF": "Afghanistan",
    "Åland Islands": "AX",
    "AX": "Åland Islands",
    "Albania": "AL",
    "AL": "Albania",
    "Algeria": "DZ",
    "DZ": "Algeria",
    "American Samoa": "AS",
    "AS": "American Samoa",
    "Andorra": "AD",
    "AD": "Andorra",
    "Angola": "AO",
    "AO": "Angola",
    "Anguilla": "AI",
    "AI": "Anguilla",
    "Antarctica": "AQ",
    "AQ": "Antarctica",
    "Antigua and Barbuda": "AG",
    "AG": "Antigua and Barbuda",
    "Argentina": "AR",
    "AR": "Argentina",
    "Armenia": "AM",
    "AM": "Armenia",
    "Aruba": "AW",
    "AW": "Aruba",
    "Australia": "AU",
    "AU": "Australia",
    "Austria": "AT",
    "AT": "Austria",
    "Azerbaijan": "AZ",
    "AZ": "Azerbaijan",
    "Bahamas": "BS",
    "BS": "Bahamas",
    "Bahrain": "BH",
    "BH": "Bahrain",
    "Bangladesh": "BD",
    "BD": "Bangladesh",
    "Barbados": "BB",
    "BB": "Barbados",
    "Belarus": "BY",
    "BY": "Belarus",
    "Belgium": "BE",
    "BE": "Belgium",
    "Belize": "BZ",
    "BZ": "Belize",
    "Benin": "BJ",
    "BJ": "Benin",
    "Bermuda": "BM",
    "BM": "Bermuda",
    "Bhutan": "BT",
    "BT": "Bhutan",
    "Bolivia": "BO",
    "BO": "Bolivia",
    "Bonaire, Sint Eustatius and Saba": "BQ",
    "BQ": "Bonaire, Sint Eustatius and Saba",
    "Bosnia and Herzegovina": "BA",
    "BA": "Bosnia and Herzegovina",
    "Botswana": "BW",
    "BW": "Botswana",
    "Bouvet Island": "BV",
    "BV": "Bouvet Island",
    "Brazil": "BR",
    "BR": "Brazil",
    "British Indian Ocean Territory": "IO",
    "IO": "British Indian Ocean Territory",
    "British Virgin Islands": "VG",
    "VG": "British Virgin Islands",
    "Brunei": "BN",
    "BN": "Brunei",
    "Bulgaria": "BG",
    "BG": "Bulgaria",
    "Burkina Faso": "BF",
    "BF": "Burkina Faso",
    "Burundi": "BI",
    "BI": "Burundi",
    "Cabo Verde": "CV",
    "CV": "Cabo Verde",
    "Cambodia": "KH",
    "KH": "Cambodia",
    "Cameroon": "CM",
    "CM": "Cameroon",
    "Canada": "CA",
    "CA": "Canada",
    "CAR": "CF",
    "CF": "CAR",
    "Cayman Islands": "KY",
    "KY": "Cayman Islands",
    "Chad": "TD",
    "TD": "Chad",
    "Chile": "CL",
    "CL": "Chile",
    "China": "CN",
    "CN": "China",
    "Christmas Island": "CX",
    "CX": "Christmas Island",
    "Cocos (Keeling) Islands": "CC",
    "CC": "Cocos (Keeling) Islands",
    "Colombia": "CO",
    "CO": "Colombia",
    "Comoros": "KM",
    "KM": "Comoros",
    "Congo": "CG",
    "CG": "Congo",
    "Cook Islands": "CK",
    "CK": "Cook Islands",
    "Costa Rica": "CR",
    "CR": "Costa Rica",
    "Croatia": "HR",
    "HR": "Croatia",
    "Cuba": "CU",
    "CU": "Cuba",
    "Curaçao": "CW",
    "CW": "Curaçao",
    "Cyprus": "CY",
    "CY": "Cyprus",
    "Czech Republic": "CZ",
    "CZ": "Czech Republic",
    "Denmark": "DK",
    "DK": "Denmark",
    "Djibouti": "DJ",
    "DJ": "Djibouti",
    "Dominica": "DM",
    "DM": "Dominica",
    "Dominican Republic": "DO",
    "DO": "Dominican Republic",
    "DRC": "CD",
    "CD": "DRC",
    "Ecuador": "EC",
    "EC": "Ecuador",
    "Egypt": "EG",
    "EG": "Egypt",
    "El Salvador": "SV",
    "SV": "El Salvador",
    "Equatorial Guinea": "GQ",
    "GQ": "Equatorial Guinea",
    "Eritrea": "ER",
    "ER": "Eritrea",
    "Estonia": "EE",
    "EE": "Estonia",
    "Eswatini": "SZ",
    "SZ": "Eswatini",
    "Ethiopia": "ET",
    "ET": "Ethiopia",
    "Faeroe Islands": "FO",
    "FO": "Faeroe Islands",
    "Falkland Islands": "FK",
    "FK": "Falkland Islands",
    "Fiji": "FJ",
    "FJ": "Fiji",
    "Finland": "FI",
    "FI": "Finland",
    "France": "FR",
    "FR": "France",
    "French Guiana": "GF",
    "GF": "French Guiana",
    "French Polynesia": "PF",
    "PF": "French Polynesia",
    "French Southern Territories": "TF",
    "TF": "French Southern Territories",
    "Gabon": "GA",
    "GA": "Gabon",
    "Gambia": "GM",
    "GM": "Gambia",
    "Georgia": "GE",
    "GE": "Georgia",
    "Germany": "DE",
    "DE": "Germany",
    "Ghana": "GH",
    "GH": "Ghana",
    "Gibraltar": "GI",
    "GI": "Gibraltar",
    "Greece": "GR",
    "GR": "Greece",
    "Greenland": "GL",
    "GL": "Greenland",
    "Grenada": "GD",
    "GD": "Grenada",
    "Guadeloupe": "GP",
    "GP": "Guadeloupe",
    "Guam": "GU",
    "GU": "Guam",
    "Guatemala": "GT",
    "GT": "Guatemala",
    "Guernsey": "GG",
    "GG": "Guernsey",
    "Guinea": "GN",
    "GN": "Guinea",
    "Guinea-Bissau": "GW",
    "GW": "Guinea-Bissau",
    "Guyana": "GY",
    "GY": "Guyana",
    "Haiti": "HT",
    "HT": "Haiti",
    "Heard Island and Mcdonald Islands": "HM",
    "HM": "Heard Island and Mcdonald Islands",
    "Honduras": "HN",
    "HN": "Honduras",
    "Hong Kong": "HK",
    "HK": "Hong Kong",
    "Hungary": "HU",
    "HU": "Hungary",
    "Iceland": "IS",
    "IS": "Iceland",
    "India": "IN",
    "IN": "India",
    "Indonesia": "ID",
    "ID": "Indonesia",
    "Iran": "IR",
    "IR": "Iran",
    "Iraq": "IQ",
    "IQ": "Iraq",
    "Ireland": "IE",
    "IE": "Ireland",
    "Isle of Man": "IM",
    "IM": "Isle of Man",
    "Israel": "IL",
    "IL": "Israel",
    "Italy": "IT",
    "IT": "Italy",
    "Ivory Coast": "CI",
    "CI": "Ivory Coast",
    "Jamaica": "JM",
    "JM": "Jamaica",
    "Japan": "JP",
    "JP": "Japan",
    "Jersey": "JE",
    "JE": "Jersey",
    "Jordan": "JO",
    "JO": "Jordan",
    "Kazakhstan": "KZ",
    "KZ": "Kazakhstan",
    "Kenya": "KE",
    "KE": "Kenya",
    "Kiribati": "KI",
    "KI": "Kiribati",
    "Kuwait": "KW",
    "KW": "Kuwait",
    "Kyrgyzstan": "KG",
    "KG": "Kyrgyzstan",
    "Laos": "LA",
    "LA": "Laos",
    "Latvia": "LV",
    "LV": "Latvia",
    "Lebanon": "LB",
    "LB": "Lebanon",
    "Lesotho": "LS",
    "LS": "Lesotho",
    "Liberia": "LR",
    "LR": "Liberia",
    "Libya": "LY",
    "LY": "Libya",
    "Liechtenstein": "LI",
    "LI": "Liechtenstein",
    "Lithuania": "LT",
    "LT": "Lithuania",
    "Luxembourg": "LU",
    "LU": "Luxembourg",
    "Macao": "MO",
    "MO": "Macao",
    "Madagascar": "MG",
    "MG": "Madagascar",
    "Malawi": "MW",
    "MW": "Malawi",
    "Malaysia": "MY",
    "MY": "Malaysia",
    "Maldives": "MV",
    "MV": "Maldives",
    "Mali": "ML",
    "ML": "Mali",
    "Malta": "MT",
    "MT": "Malta",
    "Marshall Islands": "MH",
    "MH": "Marshall Islands",
    "Martinique": "MQ",
    "MQ": "Martinique",
    "Mauritania": "MR",
    "MR": "Mauritania",
    "Mauritius": "MU",
    "MU": "Mauritius",
    "Mayotte": "YT",
    "YT": "Mayotte",
    "Mexico": "MX",
    "MX": "Mexico",
    "Micronesia": "FM",
    "FM": "Micronesia",
    "Moldova": "MD",
    "MD": "Moldova",
    "Monaco": "MC",
    "MC": "Monaco",
    "Mongolia": "MN",
    "MN": "Mongolia",
    "Montenegro": "ME",
    "ME": "Montenegro",
    "Montserrat": "MS",
    "MS": "Montserrat",
    "Morocco": "MA",
    "MA": "Morocco",
    "Mozambique": "MZ",
    "MZ": "Mozambique",
    "Myanmar": "MM",
    "MM": "Myanmar",
    "Namibia": "NA",
    "NA": "Namibia",
    "Nauru": "NR",
    "NR": "Nauru",
    "Nepal": "NP",
    "NP": "Nepal",
    "Netherlands": "NL",
    "NL": "Netherlands",
    "New Caledonia": "NC",
    "NC": "New Caledonia",
    "New Zealand": "NZ",
    "NZ": "New Zealand",
    "Nicaragua": "NI",
    "NI": "Nicaragua",
    "Niger": "NE",
    "NE": "Niger",
    "Nigeria": "NG",
    "NG": "Nigeria",
    "Niue": "NU",
    "NU": "Niue",
    "Norfolk Island": "NF",
    "NF": "Norfolk Island",
    "North Korea": "KP",
    "KP": "North Korea",
    "North Macedonia": "MK",
    "MK": "North Macedonia",
    "Northern Mariana Islands": "MP",
    "MP": "Northern Mariana Islands",
    "Norway": "NO",
    "NO": "Norway",
    "Oman": "OM",
    "OM": "Oman",
    "Pakistan": "PK",
    "PK": "Pakistan",
    "Palau": "PW",
    "PW": "Palau",
    "Palestine": "PS",
    "PS": "Palestine",
    "Panama": "PA",
    "PA": "Panama",
    "Papua New Guinea": "PG",
    "PG": "Papua New Guinea",
    "Paraguay": "PY",
    "PY": "Paraguay",
    "Peru": "PE",
    "PE": "Peru",
    "Philippines": "PH",
    "PH": "Philippines",
    "Pitcairn": "PN",
    "PN": "Pitcairn",
    "Poland": "PL",
    "PL": "Poland",
    "Portugal": "PT",
    "PT": "Portugal",
    "Puerto Rico": "PR",
    "PR": "Puerto Rico",
    "Qatar": "QA",
    "QA": "Qatar",
    "Reunion": "RE",
    "RE": "Reunion",
    "Romania": "RO",
    "RO": "Romania",
    "Russia": "RU",
    "RU": "Russia",
    "Rwanda": "RW",
    "RW": "Rwanda",
    "Saint Barthélemy": "BL",
    "BL": "Saint Barthélemy",
    "Saint Helena, Ascension and Tristan da Cunha": "SH",
    "SH": "Saint Helena, Ascension and Tristan da Cunha",
    "Saint Kitts and Nevis": "KN",
    "KN": "Saint Kitts and Nevis",
    "Saint Lucia": "LC",
    "LC": "Saint Lucia",
    "Saint Martin": "MF",
    "MF": "Saint Martin",
    "Saint Pierre and Miquelon": "PM",
    "PM": "Saint Pierre and Miquelon",
    "Samoa": "WS",
    "WS": "Samoa",
    "San Marino": "SM",
    "SM": "San Marino",
    "Sao Tome and Principe": "ST",
    "ST": "Sao Tome and Principe",
    "Saudi Arabia": "SA",
    "SA": "Saudi Arabia",
    "Senegal": "SN",
    "SN": "Senegal",
    "Serbia": "RS",
    "RS": "Serbia",
    "Seychelles": "SC",
    "SC": "Seychelles",
    "Sierra Leone": "SL",
    "SL": "Sierra Leone",
    "Singapore": "SG",
    "SG": "Singapore",
    "Sint Maarten": "SX",
    "SX": "Sint Maarten",
    "Slovakia": "SK",
    "SK": "Slovakia",
    "Slovenia": "SI",
    "SI": "Slovenia",
    "Solomon Islands": "SB",
    "SB": "Solomon Islands",
    "Somalia": "SO",
    "SO": "Somalia",
    "South Africa": "ZA",
    "ZA": "South Africa",
    "South Georgia and the South Sandwich Islands": "GS",
    "GS": "South Georgia and the South Sandwich Islands",
    "South Korea": "KR",
    "KR": "South Korea",
    "South Sudan": "SS",
    "SS": "South Sudan",
    "Spain": "ES",
    "ES": "Spain",
    "Sri Lanka": "LK",
    "LK": "Sri Lanka",
    "St. Vincent Grenadines": "VC",
    "VC": "St. Vincent Grenadines",
    "Sudan": "SD",
    "SD": "Sudan",
    "Suriname": "SR",
    "SR": "Suriname",
    "Svalbard and Jan Mayen": "SJ",
    "SJ": "Svalbard and Jan Mayen",
    "Sweden": "SE",
    "SE": "Sweden",
    "Switzerland": "CH",
    "CH": "Switzerland",
    "Syria": "SY",
    "SY": "Syria",
    "Taiwan": "TW",
    "TW": "Taiwan",
    "Tajikistan": "TJ",
    "TJ": "Tajikistan",
    "Tanzania": "TZ",
    "TZ": "Tanzania",
    "Thailand": "TH",
    "TH": "Thailand",
    "Timor-Leste": "TL",
    "TL": "Timor-Leste",
    "Togo": "TG",
    "TG": "Togo",
    "Tokelau": "TK",
    "TK": "Tokelau",
    "Tonga": "TO",
    "TO": "Tonga",
    "Trinidad and Tobago": "TT",
    "TT": "Trinidad and Tobago",
    "Tunisia": "TN",
    "TN": "Tunisia",
    "Turkey": "TR",
    "TR": "Turkey",
    "Turkmenistan": "TM",
    "TM": "Turkmenistan",
    "Turks and Caicos": "TC",
    "TC": "Turks and Caicos",
    "Tuvalu": "TV",
    "TV": "Tuvalu",
    "U.S. Virgin Islands": "VI",
    "VI": "U.S. Virgin Islands",
    "UAE": "AE",
    "AE": "UAE",
    "Uganda": "UG",
    "UG": "Uganda",
    "UK": "GB",
    "GB": "UK",
    "Ukraine": "UA",
    "UA": "Ukraine",
    "United States Minor Outlying Islands": "UM",
    "UM": "United States Minor Outlying Islands",
    "Uruguay": "UY",
    "UY": "Uruguay",
    "USA": "US",
    "US": "USA",
    "Uzbekistan": "UZ",
    "UZ": "Uzbekistan",
    "Vanuatu": "VU",
    "VU": "Vanuatu",
    "Vatican City": "VA",
    "VA": "Vatican City",
    "Venezuela": "VE",
    "VE": "Venezuela",
    "Vietnam": "VN",
    "VN": "Vietnam",
    "Wallis and Futuna": "WF",
    "WF": "Wallis and Futuna",
    "Western Sahara": "EH",
    "EH": "Western Sahara",
    "Yemen": "YE",
    "YE": "Yemen",
    "Zambia": "ZM",
    "ZM": "Zambia",
    "Zimbabwe": "ZW",
    "ZW": "Zimbabwe"
}